{"cameraMode":{"drawMode":0,"name":"Shaded","section":"Shading Mode"},"sceneLighting":false,"audioPlay":false,"sceneViewState":{"showFog":false,"showMaterialUpdate":false,"showSkybox":false,"showFlares":false,"showImageEffects":false,"showParticleSystems":false},"in2DMode":false,"pivot":{"x":0.7802734375,"y":0.19189453125,"z":-0.6259765625},"rotation":{"x":0.033412083983421329,"y":-0.6576091647148132,"z":0.029215335845947267,"w":0.7520529627799988},"size":1.7812358140945435,"orthographic":true}